id,nombre,apellido
1,Juan,Pérez Ramírez
2,María,Gutiérrez Loza
3,Carlos,Fernández Quispe
4,Luis,Martínez Salazar
5,Ana,Suárez Camacho
6,Pedro,Ramallo Vargas
7,Lucía,Rojas Mendoza
8,Diego,Castro Valverde
9,Paola,Arias Torrico
10,Esteban,Mamani Condori
11,Leonel,Chumazero Mamani
12,Raul,Alberto Prado
13,Ronald,Veizaga Flores
14,Ismael,Candia Vit
15,Roger,Vernar Anderla
16,Herber,Zambrana Nur
17,Alejandra,Guzmán Villarroel  
18,Cristian,Rivera Paredes  
19,Andrea,Medina Cortez  
20,Marco,Salvatierra Aguilar  
21,Sofía,López Justiniano  
22,David,Rojas Álvarez  
23,Natalia,Camacho Rocabado  
24,Jorge,Flores Pinto  
25,Gabriela,Torrez Gutiérrez  
26,Erick,Aramayo Cordero  
27,Fátima,Mendoza Villalobos  
28,Boris,Gonzales Claros  
29,Valeria,Durán Céspedes  
30,Kevin,Torrico Balderrama  
